0,0,31494448,100,104,109,128,132,140,140,146,146,146,146,150,150,150,150,151,151,151,151,151,151,155,155,155,155,155,155,155,155,155,155,155,155,155,155,155,155,155,155,155,155,155,155,155,155,155,155,155,155,155,155,155,155,155,155,155,155,155,155,155,155,155,155,155,155
50,3,19872604,100,217,257,303,314,330,334,348,348,356,358,367,367,369,369,369,371,373,373,376,376,379,379,379,379,379,379,379,379,379,379,379,379,381,381,381,381,381,381,381,381,381,381,381,381,381,381,383,383,383,383,383,383,383,383,383,383,383,383,383,383,383,383,383,383
48,3,15750149,100,232,238,247,247,256,255,259,263,266,266,273,273,274,274,275,275,275,275,279,279,278,278,283,283,283,283,284,284,284,284,284,284,285,285,285,285,285,285,286,286,286,286,286,286,286,286,286,286,286,286,286,286,286,286,286,286,286,286,286,286,286,286,285,285
64,4,23977470,100,224,208,187,176,175,175,172,172,172,172,173,173,176,177,175,175,175,175,177,177,177,177,178,178,179,179,180,180,180,180,181,181,182,182,182,182,182,182,181,181,182,182,186,186,186,186,186,186,186,186,186,186,186,186,186,186,186,186,186,186,186,186,186,186
144,9,28602934,100,257,233,203,191,198,196,199,203,205,205,206,207,212,212,219,218,218,217,221,221,223,223,225,225,227,227,229,229,230,230,230,230,232,232,233,233,234,234,236,236,236,236,237,237,239,239,240,240,240,240,240,240,241,241,243,243,243,243,243,243,243,243,243,243
96,6,39426890,100,220,219,224,225,225,223,222,223,233,233,234,234,240,241,245,245,252,252,252,252,253,253,254,254,256,256,257,257,257,257,258,258,258,258,258,258,258,258,260,260,261,261,262,262,263,263,265,265,265,265,265,265,265,265,265,265,265,265,265,265,265,265,266,266
32,2,50357807,100,166,182,197,199,208,208,217,219,225,226,232,232,234,234,234,234,236,236,239,239,239,239,240,240,240,240,240,240,240,240,240,240,240,240,240,240,240,240,240,240,240,240,240,240,240,240,240,240,241,241,241,241,241,241,242,242,242,242,242,242,242,242,242,242
80,5,38978724,100,226,227,237,241,249,252,261,263,269,271,279,280,286,288,291,291,293,293,293,294,295,295,297,298,300,300,302,302,303,303,304,304,305,305,306,306,306,306,306,306,306,306,306,306,306,306,306,306,306,306,306,306,306,306,306,306,306,306,306,306,306,306,307,307
80,5,27419850,100,284,255,270,273,288,293,311,317,325,329,338,339,342,344,349,350,354,354,355,355,358,359,361,362,363,363,364,364,367,367,368,368,369,369,370,370,371,371,373,373,374,374,375,375,376,376,376,376,377,377,377,377,377,377,377,377,377,377,377,377,377,377,377,377
96,6,43351893,100,199,177,190,200,204,207,216,218,220,222,230,232,234,234,236,236,239,240,242,242,242,242,242,242,243,243,243,243,245,245,247,247,247,247,249,249,250,250,250,250,250,250,250,250,250,250,250,250,250,250,250,250,251,251,251,251,251,251,251,251,251,251,252,252
80,5,17881215,100,210,219,248,256,267,278,295,302,315,319,326,331,334,337,341,343,351,353,356,356,356,356,357,357,362,362,366,366,367,367,367,367,367,367,370,370,371,371,373,373,375,375,375,375,376,376,377,377,378,378,379,379,380,380,381,381,381,381,381,381,381,381,381,381
96,6,13444720,100,223,267,312,329,358,373,401,407,424,434,441,442,460,460,465,467,471,473,479,480,486,488,489,489,491,491,494,495,501,501,504,504,504,504,504,504,506,506,506,506,506,506,508,508,509,510,510,510,511,511,511,511,512,512,512,512,513,513,513,513,516,516,517,517
96,6,22074259,100,209,200,209,221,229,231,250,247,258,256,266,267,273,272,275,277,280,279,289,289,291,291,292,293,296,296,299,299,302,302,303,303,306,307,308,308,308,308,308,308,308,308,309,309,309,309,310,310,310,310,310,310,310,310,311,312,312,312,312,312,312,312,312,312
64,4,30851899,100,233,231,243,245,255,255,262,263,267,267,270,270,273,272,279,279,283,283,284,284,285,285,286,286,286,286,286,286,287,287,288,288,290,290,290,290,294,294,294,294,294,294,295,295,296,296,296,296,296,296,296,296,296,296,296,296,296,296,296,296,297,297,297,297
96,6,12053187,100,236,261,324,355,385,399,415,422,443,445,459,463,465,466,475,476,482,482,483,484,488,488,492,492,497,497,502,502,503,503,505,505,507,507,510,510,511,511,511,511,512,512,512,512,513,513,514,514,514,514,516,516,516,516,516,516,516,516,517,517,517,517,517,517
144,9,18405655,100,279,259,250,244,243,250,260,262,272,272,281,282,290,290,296,297,303,303,305,305,308,308,309,309,311,311,314,314,316,316,318,318,318,318,319,319,320,321,322,322,322,322,324,324,325,325,326,326,326,326,329,329,329,329,330,330,330,330,330,330,331,331,333,333
140,8,21676217,100,233,212,185,178,176,179,194,196,209,213,221,223,231,232,233,233,238,238,248,249,253,253,255,255,257,256,258,258,262,262,263,263,266,266,266,266,268,268,268,268,270,270,271,271,271,271,271,271,273,273,274,274,274,274,274,274,276,276,277,277,277,277,279,279
144,9,28979876,100,238,225,207,200,186,186,189,187,191,191,190,193,192,191,195,196,201,201,204,204,206,206,207,208,211,211,214,215,216,216,216,216,216,216,219,219,219,219,219,219,219,219,218,218,219,219,219,219,220,220,220,220,220,220,220,220,221,221,221,221,220,220,220,220
80,5,49407122,100,232,212,212,209,207,210,213,214,217,217,221,221,221,223,226,225,224,224,223,223,222,221,223,223,224,224,225,225,226,226,228,228,231,231,232,232,234,234,234,234,235,235,236,236,238,238,238,238,239,239,240,240,240,240,240,240,240,240,240,240,240,240,241,241
208,13,37258628,100,209,175,162,154,152,150,147,145,146,146,146,146,147,146,147,146,151,151,151,151,150,151,149,149,148,148,148,148,148,148,148,148,148,148,148,148,148,148,147,147,147,147,148,148,147,147,148,148,151,151,151,151,151,151,151,151,151,151,151,151,151,151,152,152
128,8,36040257,100,214,191,188,184,178,179,188,193,197,207,206,208,212,213,210,214,214,215,215,216,219,219,222,223,222,223,225,225,229,230,231,231,231,231,232,232,234,234,235,235,235,235,236,236,236,236,238,238,239,239,240,240,240,240,241,241,241,241,241,241,243,243,243,243
128,8,34625034,100,256,237,214,195,191,183,189,188,197,196,201,202,204,202,208,208,208,207,206,210,213,215,212,212,215,215,216,216,217,217,219,219,223,225,226,226,228,228,228,228,228,228,229,229,230,230,231,231,232,232,233,233,234,234,234,234,235,235,237,237,236,236,236,236
96,6,55249904,100,235,207,199,195,197,197,192,191,198,199,200,199,203,204,210,209,209,209,211,211,215,216,215,215,218,218,219,220,223,223,223,223,225,225,226,227,227,227,227,227,229,229,229,229,229,229,230,230,231,232,233,233,233,233,233,233,233,233,233,233,234,234,235,235
96,6,49628555,100,230,176,175,176,182,179,187,187,187,187,188,191,196,197,201,203,210,210,210,210,214,215,216,216,217,217,217,217,217,217,218,218,219,219,221,222,224,224,226,226,227,227,228,228,229,229,230,230,230,230,231,231,231,231,231,231,231,231,231,231,231,231,231,231
80,5,31648899,100,228,213,210,199,209,217,216,217,222,221,222,224,229,228,229,229,236,237,240,239,241,242,243,245,249,249,249,249,251,251,251,251,253,253,255,255,255,255,255,255,255,255,256,256,257,257,257,257,258,258,258,258,259,259,260,260,261,261,262,262,262,262,263,263
176,11,32752421,100,224,206,221,215,233,233,246,242,254,255,262,262,269,269,278,279,284,283,286,286,291,291,291,291,294,295,295,295,296,296,296,296,298,298,298,298,299,299,300,300,301,301,302,302,304,304,305,305,305,305,306,306,305,305,305,305,305,305,305,305,305,305,307,307
96,6,29645193,100,237,229,221,224,240,242,254,260,267,269,282,284,288,289,295,297,303,304,309,309,312,312,317,317,321,321,324,324,324,324,326,326,328,328,328,328,328,328,329,329,329,329,329,329,329,329,330,330,330,330,331,331,332,332,332,332,334,334,334,334,334,334,334,334
240,15,28935637,100,234,221,219,223,226,228,242,243,250,251,254,255,262,265,273,272,274,274,279,280,286,286,287,287,290,291,295,295,297,296,299,299,302,302,304,304,309,309,311,311,313,314,315,315,316,316,316,316,317,317,318,318,319,318,319,319,320,321,321,321,323,323,324,324
112,7,39375187,100,236,225,239,233,250,249,262,268,275,275,282,288,295,294,300,304,307,306,312,313,318,319,322,322,323,324,325,326,326,326,328,329,334,334,337,338,339,339,340,340,340,340,341,341,342,342,344,344,345,345,345,345,346,346,347,347,347,347,348,348,349,349,349,349
176,11,43247368,100,255,224,223,223,235,232,240,242,249,253,262,262,270,274,278,280,285,287,291,293,295,295,302,302,303,303,305,306,308,311,314,314,318,318,318,318,319,319,320,320,322,322,323,323,324,325,326,326,329,329,328,328,329,329,329,329,330,330,331,331,333,333,333,333
313,18,15878909,100,143,129,135,137,149,152,175,186,205,214,232,244,258,264,278,283,292,295,304,305,309,311,318,321,324,325,329,330,333,333,339,340,341,341,345,345,348,349,353,353,355,356,358,358,359,359,360,360,362,362,363,363,364,364,365,365,368,368,369,369,369,369,369,369
100,6,9022854,100,169,163,202,200,226,245,267,280,302,307,328,332,344,350,362,365,377,382,389,391,401,402,407,409,412,416,423,424,427,428,433,434,438,440,443,443,445,446,449,449,454,454,455,455,457,457,457,457,462,462,463,465,468,468,469,469,471,471,472,472,473,473,476,476
118,7,12318877,100,218,195,226,228,246,261,270,281,303,312,324,332,353,357,365,367,378,384,391,394,398,399,402,403,410,412,420,420,426,427,430,431,435,436,438,438,441,441,449,449,449,449,451,451,454,454,454,454,456,456,457,457,459,459,460,460,460,460,461,461,461,461,464,464
273,15,13983039,100,246,228,235,234,248,246,254,259,272,281,305,307,324,331,346,352,362,372,386,389,396,399,412,417,426,430,436,441,446,449,457,460,465,467,470,470,477,478,484,485,488,489,493,495,499,499,503,505,507,508,511,511,515,516,520,520,524,525,525,525,529,530,530,531
116,7,2638737,100,236,217,221,222,238,249,260,268,287,300,319,332,356,368,381,387,397,398,409,413,424,428,436,442,451,452,461,462,464,469,476,479,482,483,488,490,497,499,503,503,504,506,507,509,509,510,511,512,513,513,519,521,522,523,528,529,530,531,531,531,536,536,539,539
80,5,6366652,100,227,222,225,224,227,228,245,243,254,263,272,287,294,298,307,309,322,324,330,334,345,348,352,357,362,369,374,378,382,384,387,390,393,394,399,402,403,403,407,408,411,413,418,418,420,422,427,426,429,430,431,431,434,434,435,436,436,437,439,441,442,442,444,444
169,10,12574416,100,251,257,246,249,239,243,257,260,270,276,289,293,305,320,332,340,351,361,372,380,384,391,396,400,409,412,420,424,420,423,427,427,433,435,439,441,444,443,446,446,452,453,454,455,458,459,462,463,467,468,468,468,472,473,476,476,477,477,482,483,485,485,485,486
162,10,5453613,100,226,208,234,220,228,241,259,274,307,329,348,362,376,389,400,407,421,424,434,440,445,449,455,458,464,466,472,475,478,480,487,489,496,495,502,503,504,505,508,509,511,513,517,517,522,522,528,528,531,531,535,536,537,537,539,539,540,540,542,542,543,543,546,546
160,10,2509168,100,237,224,239,243,276,285,306,308,321,337,365,377,395,414,433,447,458,465,481,488,495,504,513,520,527,531,539,541,546,551,554,558,561,563,567,569,571,574,576,579,583,584,586,587,593,593,595,596,600,600,604,604,610,609,611,611,616,616,618,618,618,618,619,619
64,4,14406506,100,307,302,299,273,270,273,277,274,275,271,273,272,268,267,278,273,271,272,277,280,282,280,284,290,295,295,297,296,297,301,306,307,311,312,313,312,311,312,312,313,317,318,318,319,321,323,325,327,329,329,330,331,333,334,333,336,338,338,337,337,337,339,343,343
176,10,7380047,100,209,199,207,187,204,206,222,221,231,232,237,237,250,251,263,267,276,288,294,304,318,325,335,344,352,356,362,362,374,381,387,387,396,398,403,407,416,418,427,430,438,440,446,449,451,453,458,462,466,466,471,471,473,477,480,481,482,484,487,488,489,490,490,492
96,6,12974831,100,180,202,232,236,253,268,290,301,322,325,342,351,363,366,370,377,388,391,403,407,415,415,423,426,431,434,438,442,444,445,445,447,452,454,458,460,464,469,470,472,477,478,480,481,484,486,489,490,495,496,498,498,502,502,504,504,507,508,512,512,515,515,517,517
160,10,10277594,100,248,213,215,213,222,223,232,241,258,261,276,282,293,296,317,320,330,342,350,358,364,368,374,377,386,393,399,400,400,403,408,410,418,420,423,423,426,429,432,433,435,437,443,443,446,446,448,448,451,451,453,454,457,458,458,458,459,459,462,462,463,463,466,467
64,4,28750762,100,270,251,265,284,286,294,308,314,326,331,330,339,350,355,359,363,369,369,375,377,384,384,390,390,393,394,397,398,402,402,403,404,406,405,409,410,411,412,414,416,418,418,418,418,421,421,422,423,424,425,425,425,427,427,427,427,428,428,429,429,432,432,435,435
144,9,18134983,100,351,296,301,296,288,296,288,288,276,278,273,271,264,266,264,266,267,270,268,266,274,268,272,274,273,272,274,278,279,277,279,280,280,282,285,289,289,290,290,293,294,294,298,300,302,303,305,305,308,310,313,314,314,315,316,319,319,319,321,321,321,322,324,324
16,1,3645664,100,262,224,191,191,199,188,180,189,187,193,180,185,205,221,238,247,265,270,282,291,302,310,317,328,335,336,349,355,360,364,373,376,381,383,390,392,396,398,402,402,402,405,407,408,414,414,417,417,420,420,423,423,425,426,431,431,430,431,433,434,438,439,440,441
144,9,17345582,100,358,330,325,314,309,309,302,309,308,304,313,316,314,313,319,319,323,323,329,333,336,333,339,343,343,347,345,346,350,348,356,355,357,356,359,359,361,359,359,362,364,365,370,370,370,368,367,367,368,369,369,368,370,370,372,372,374,374,375,375,374,375,376,376
83,5,20198582,100,247,263,261,264,269,273,285,284,289,295,303,305,305,309,311,311,312,314,319,322,328,328,332,332,336,340,343,344,352,354,358,360,363,363,363,362,364,364,366,366,370,369,373,373,376,376,376,377,379,379,381,381,380,381,383,383,384,383,383,383,383,383,383,384
208,13,21750349,100,198,204,209,207,213,217,232,237,244,240,251,256,260,264,265,267,268,269,275,272,276,276,284,286,290,291,299,299,304,304,306,308,314,315,320,320,320,321,322,323,328,328,328,329,332,332,333,333,335,335,340,340,345,345,347,347,350,350,350,350,349,349,351,351
145,9,14754316,100,186,190,180,185,195,194,200,201,206,213,222,221,227,230,234,238,245,249,249,250,252,253,258,257,264,268,270,269,271,271,276,276,276,275,278,279,285,288,288,289,292,292,294,293,295,296,297,297,298,299,300,300,300,299,301,301,301,301,302,302,305,305,307,307
144,9,33245908,100,351,336,308,302,299,303,293,296,298,291,292,292,293,300,303,302,305,303,309,309,307,307,310,312,309,309,308,305,305,307,308,308,313,313,318,317,317,317,317,318,319,321,324,325,324,322,322,321,324,324,326,327,327,328,328,328,329,330,331,331,333,333,332,331
144,9,12392727,100,303,291,275,286,268,257,247,243,243,241,230,232,236,235,235,233,233,237,238,240,243,246,248,246,247,246,249,249,255,256,256,257,259,260,260,260,259,259,261,260,262,262,260,260,262,262,265,265,268,268,269,269,271,273,276,276,275,276,277,277,277,277,278,278
208,13,23031326,100,303,255,237,241,246,242,243,242,253,253,255,257,266,269,274,274,275,277,278,284,282,283,286,287,292,292,293,293,296,295,298,296,300,300,301,301,304,305,308,309,310,310,312,312,313,315,316,316,316,316,318,318,319,319,319,319,319,319,321,321,321,321,321,321
208,13,36745259,100,265,235,229,225,228,228,238,239,255,255,263,265,276,279,288,287,289,294,296,297,301,301,301,303,311,311,318,319,321,322,324,325,326,326,326,326,327,328,331,331,333,333,334,334,338,338,338,338,338,339,340,340,342,342,344,344,346,346,347,347,347,347,349,349
80,5,17169932,100,247,200,185,188,204,209,217,225,234,244,255,260,268,272,276,279,284,283,287,288,293,295,298,297,300,299,303,304,309,309,313,311,312,314,315,315,318,318,320,320,322,322,327,327,328,328,331,331,335,335,335,335,335,335,336,336,337,337,339,339,339,339,340,340
112,7,19272323,100,322,263,266,257,276,285,291,291,306,308,314,312,323,331,336,336,340,340,340,342,348,345,347,347,351,352,354,353,356,356,360,360,363,363,363,364,365,365,365,365,372,372,374,375,374,374,376,375,375,375,375,375,376,376,376,376,376,376,377,377,376,376,379,378
144,9,34450422,100,217,234,216,222,232,236,242,242,248,244,253,252,256,260,263,261,272,276,286,281,288,289,292,293,296,297,302,303,305,308,315,318,320,320,323,324,327,328,330,330,330,330,330,330,331,334,332,332,333,333,335,336,337,339,340,340,341,341,341,341,342,342,343,344
192,12,53710560,100,326,297,269,264,262,260,272,269,268,265,273,272,279,279,284,287,287,290,291,294,296,300,302,307,311,311,312,312,311,312,312,312,317,318,321,321,326,326,327,328,328,329,330,330,331,331,333,335,335,335,338,337,337,338,339,339,338,338,339,339,338,338,338,338
336,21,69823671,100,224,202,215,222,236,239,254,254,260,256,261,262,266,266,270,270,274,274,279,280,283,283,283,283,285,286,286,288,288,288,289,288,289,289,290,290,290,290,290,290,291,291,291,291,291,291,292,292,293,293,293,293,294,295,295,295,295,295,295,295,295,295,295,295
176,11,65377968,100,321,292,295,302,300,298,306,310,307,307,310,308,313,320,324,328,330,329,335,337,340,343,346,346,347,351,355,355,356,358,359,358,361,361,362,362,363,364,366,366,369,369,370,371,372,373,374,374,376,376,378,378,380,380,381,381,381,382,383,384,384,384,385,385
192,12,72225738,100,230,192,190,192,192,196,205,204,215,214,218,216,219,221,222,223,230,230,230,232,235,236,237,237,239,238,239,240,241,241,243,243,243,243,245,245,245,245,244,244,245,245,246,245,245,245,246,246,248,248,249,249,249,249,249,249,251,251,253,253,253,253,253,253
128,8,57031076,100,269,234,225,210,204,211,211,212,214,212,218,212,219,220,225,225,228,223,230,228,229,230,232,229,236,240,247,248,245,248,249,249,251,253,253,253,254,255,257,257,258,259,261,263,267,269,269,270,270,273,273,271,273,274,275,275,276,276,276,276,278,278,278,279
112,7,36342209,100,336,300,286,277,274,260,258,256,251,255,252,247,253,254,252,247,249,248,246,247,251,250,250,250,250,250,250,253,254,255,254,254,258,259,263,263,261,262,265,265,268,269,271,270,270,270,272,272,274,273,276,278,278,278,280,280,281,281,281,281,284,284,286,286
48,3,44900304,100,150,158,171,166,163,165,173,181,184,185,196,199,210,211,215,217,221,219,221,223,229,228,233,233,230,230,236,236,235,235,239,240,242,243,248,248,255,256,259,259,259,260,261,261,262,262,265,265,265,265,267,268,268,268,268,268,268,268,269,269,270,270,272,272
208,13,54579999,100,290,263,262,258,257,261,272,274,283,286,289,295,300,300,300,300,299,304,310,310,311,313,318,317,324,326,330,329,328,332,336,336,337,338,339,338,341,341,346,345,344,344,345,346,346,346,349,349,350,350,351,351,353,355,354,355,357,357,358,358,360,360,362,362
48,3,37420539,100,352,346,343,320,351,358,368,372,386,387,394,400,404,405,420,421,429,437,434,439,443,441,444,444,449,446,450,451,451,456,459,461,464,464,464,462,462,464,468,467,470,470,477,478,480,480,482,484,488,489,494,494,502,503,505,505,506,506,508,507,508,507,508,509
96,6,34757851,100,345,321,335,312,323,327,327,328,324,321,323,327,327,329,331,329,330,333,337,339,348,350,351,352,357,355,355,354,363,361,362,363,365,366,367,366,373,375,377,377,378,378,379,378,383,383,383,383,383,383,384,386,385,386,388,389,390,391,394,391,393,393,395,395
128,8,63554107,100,296,254,247,259,263,252,259,270,283,290,294,293,296,299,306,306,308,313,315,316,315,312,322,325,329,330,333,332,335,339,347,349,350,350,357,359,360,362,366,365,371,371,374,375,377,378,381,381,381,382,384,384,387,388,390,390,392,392,396,395,399,399,400,401
191,12,22089417,100,198,163,158,141,137,124,128,127,129,132,137,137,135,145,146,154,166,162,173,174,185,195,200,204,212,219,225,229,235,240,248,254,260,263,269,272,277,278,282,284,290,290,293,294,295,298,299,302,307,309,311,312,316,316,319,319,325,325,327,328,330,331,334,334
96,6,12204353,100,198,182,180,171,184,167,170,158,168,169,178,183,194,205,205,212,223,229,239,246,256,259,267,271,277,280,291,293,297,305,309,316,325,329,334,338,341,347,348,349,358,361,364,367,374,373,378,379,382,383,385,388,389,390,394,394,394,395,397,398,401,402,411,411
181,12,7018317,100,272,247,260,257,252,243,245,247,247,252,258,269,268,272,279,284,286,295,308,309,317,322,331,336,346,352,357,361,368,371,377,387,388,391,397,397,405,408,413,415,421,425,430,434,436,436,441,441,447,446,448,449,454,455,456,456,458,458,459,458,458,459,460,460
189,12,50884317,100,297,275,252,243,235,237,241,235,235,230,238,240,244,239,246,255,257,253,252,259,264,266,267,266,271,275,279,283,283,285,287,286,286,287,290,293,300,301,305,305,304,307,305,305,306,305,308,310,313,316,319,321,324,326,329,330,331,335,337,340,343,345,348,352
233,13,10785989,100,293,262,278,272,256,253,253,243,244,241,251,244,245,251,261,265,271,280,278,286,287,297,305,310,317,325,329,329,340,343,346,352,358,365,369,373,375,378,381,387,394,397,402,402,411,413,414,415,419,421,422,423,426,427,433,433,434,437,441,445,448,449,453,452
182,12,4772271,100,240,220,211,212,215,218,227,229,233,235,236,233,248,247,250,253,261,265,268,268,282,281,288,291,302,308,316,317,324,326,331,334,338,344,348,354,358,356,363,365,370,373,379,382,386,386,393,393,398,400,403,407,410,413,414,417,418,422,427,428,430,431,433,437
80,5,41333817,100,347,291,304,302,323,315,318,311,318,316,318,318,322,323,327,329,327,325,323,321,328,327,322,326,326,325,334,331,340,333,333,332,336,339,343,349,346,349,347,348,350,353,355,362,364,364,366,367,368,370,373,377,379,381,382,383,387,389,389,389,389,390,391,390
102,7,23069272,100,278,227,227,216,226,216,211,207,219,221,226,223,226,229,238,242,242,244,241,242,245,245,247,249,255,256,257,263,273,274,275,279,281,282,285,286,291,296,299,301,313,319,321,322,326,326,329,329,332,333,337,337,339,341,341,342,345,348,350,352,354,354,357,358
96,6,21442533,100,335,312,301,313,314,302,309,306,313,310,313,313,316,318,310,314,312,314,315,310,309,309,316,313,311,309,309,311,315,317,320,326,328,335,335,336,341,343,344,347,351,352,357,357,358,362,365,368,368,371,376,379,384,384,386,390,393,393,395,396,395,395,395,395
144,9,42185672,100,217,205,252,258,292,298,305,310,316,317,326,326,341,339,350,351,353,353,357,357,361,359,362,364,368,368,370,371,372,371,371,371,375,375,377,377,378,376,377,378,377,377,379,379,381,382,380,380,381,381,381,380,379,379,380,380,381,381,381,379,380,380,381,383
192,12,35298478,100,269,285,309,301,318,310,316,315,326,330,337,330,337,338,339,338,342,341,345,347,349,353,349,348,350,355,356,354,356,355,361,361,361,362,363,363,363,364,363,363,364,364,365,365,367,368,369,369,370,370,373,373,372,372,372,373,373,373,374,374,375,376,376,376
115,7,29346177,100,266,253,276,257,257,258,262,257,256,261,265,262,269,269,273,274,280,278,282,285,292,295,299,298,303,306,314,319,323,324,330,334,337,345,350,353,355,357,363,366,370,371,375,382,383,388,391,395,396,396,398,399,400,401,402,403,407,407,407,408,410,414,415,417
145,9,6058006,100,248,228,255,248,252,241,238,233,232,225,235,232,242,245,243,244,256,260,262,267,281,285,296,304,315,327,332,338,344,349,360,366,373,381,385,391,400,401,409,412,417,421,425,425,429,433,439,441,444,449,452,452,459,460,466,468,473,474,477,480,480,481,483,486
173,11,1835325,100,341,310,292,294,295,288,297,289,285,284,285,283,287,281,291,294,295,296,298,303,311,317,318,321,335,338,345,350,354,360,366,368,373,370,373,377,380,388,389,390,396,396,401,401,410,415,413,417,414,412,414,415,419,421,420,425,427,429,430,432,433,435,437,436
80,5,3288046,100,291,250,255,245,241,238,247,236,241,246,240,241,238,238,236,235,235,242,244,250,253,255,266,270,276,281,295,303,311,316,318,323,331,337,345,352,361,364,374,377,380,382,384,387,391,395,399,406,410,412,415,418,418,423,428,432,434,435,441,442,451,453,458,458
128,8,39730000,100,288,279,283,272,269,266,261,258,257,262,263,266,272,269,268,271,270,270,273,271,275,272,274,274,274,278,280,280,284,285,287,286,287,289,293,293,300,298,304,306,309,313,318,317,314,318,321,320,324,322,325,326,328,329,333,333,330,332,333,335,338,339,339,340
240,15,39131377,100,297,304,324,338,345,346,355,361,373,372,377,382,387,384,389,387,385,394,395,395,396,397,398,394,393,391,398,398,399,396,398,399,401,400,405,402,402,400,403,402,403,404,408,408,406,406,409,410,411,412,409,407,413,414,414,414,412,413,416,415,414,414,412,413
128,8,43396768,100,218,213,222,221,244,254,274,282,300,304,314,316,318,319,328,327,330,332,333,333,341,341,343,345,352,350,350,348,352,352,355,355,357,357,361,359,360,361,364,364,364,362,364,363,365,364,364,363,366,367,364,364,367,367,367,367,367,366,367,368,368,368,368,368
224,14,36612516,100,253,230,233,226,238,247,253,253,260,265,274,277,279,275,278,280,284,285,290,293,289,289,287,290,289,288,295,294,299,297,294,294,296,298,303,302,304,304,304,305,309,309,310,310,311,309,312,312,314,313,312,314,315,315,316,317,320,322,321,320,323,321,321,321
224,14,9100630,100,356,336,335,334,335,336,339,341,339,344,348,347,346,343,345,346,345,347,347,350,346,350,350,352,354,355,362,357,365,364,366,364,368,369,373,376,377,378,378,379,381,382,383,384,387,385,388,389,388,391,393,397,399,397,398,399,398,399,400,399,398,399,399,400
144,9,20083195,100,272,244,219,199,185,183,187,190,189,191,192,189,192,194,197,198,206,205,208,208,210,213,215,217,223,230,231,237,247,245,251,253,256,260,264,263,267,271,279,280,282,286,288,295,298,301,308,307,307,308,316,320,323,326,332,336,338,341,341,345,350,352,354,356
176,11,6457776,100,185,201,222,214,204,201,207,205,206,199,202,212,214,222,225,230,235,243,254,259,262,270,275,276,279,286,297,298,306,310,315,313,321,324,333,338,337,341,345,349,354,358,361,361,366,367,373,375,378,378,378,380,384,387,392,395,399,399,402,407,409,410,414,416
144,9,7054018,100,227,191,206,200,211,218,225,225,220,216,229,228,230,233,243,237,246,246,260,260,273,275,289,299,303,299,304,311,326,331,335,341,349,354,364,368,377,380,384,385,388,391,400,403,411,415,420,423,432,433,438,444,451,453,457,459,463,464,465,468,470,472,473,476
64,4,32417649,100,319,272,263,259,247,244,239,235,238,228,227,234,228,228,229,235,236,236,241,243,250,251,250,248,251,251,253,257,257,258,261,262,265,265,267,269,272,273,275,276,277,278,277,278,282,283,288,288,292,294,297,296,297,297,301,301,301,302,306,307,310,310,311,311
32,2,52692678,100,247,237,213,210,197,203,200,195,191,199,195,197,193,191,195,198,193,194,194,193,195,192,194,194,195,197,197,199,198,198,198,198,199,200,200,199,198,200,202,202,199,199,202,202,202,204,207,209,209,208,209,209,209,209,210,210,210,210,209,209,207,207,210,210
48,3,22568664,100,271,215,178,170,165,144,142,143,144,145,145,147,151,153,155,160,158,164,173,176,179,183,180,182,190,189,191,193,199,199,199,203,207,211,213,215,216,214,211,213,217,221,223,226,227,228,230,234,236,236,237,238,244,244,248,248,254,256,259,258,262,263,266,267
79,4,14727248,100,267,236,221,202,214,198,197,198,202,205,201,199,200,198,205,199,202,197,195,197,194,199,203,206,212,220,230,238,249,256,258,265,272,272,283,288,297,301,310,311,312,315,321,323,330,333,337,340,345,350,353,355,355,357,360,362,364,364,368,370,376,377,383,386
160,10,26908098,100,294,267,282,278,284,296,302,305,311,312,309,312,308,312,309,313,320,320,320,316,319,317,321,321,325,324,326,326,326,328,323,322,328,328,332,332,332,332,334,334,336,335,337,334,332,334,334,333,333,335,337,333,336,338,337,337,337,337,340,343,342,342,342,343
480,30,10716591,100,262,270,284,291,317,332,349,360,375,379,394,392,399,404,401,405,410,415,416,417,419,419,421,422,424,425,425,426,427,423,427,428,433,433,434,433,435,434,436,437,441,443,443,442,444,444,444,444,441,441,446,444,447,448,451,451,450,449,450,450,452,453,450,449
128,8,12379801,100,304,288,274,276,279,277,289,294,303,299,308,305,303,305,309,308,306,310,313,316,320,318,321,323,327,326,328,329,328,331,335,334,337,337,337,337,342,341,342,343,346,349,349,350,352,353,351,351,352,351,350,350,353,356,355,355,355,356,358,358,365,364,367,369
96,6,14074917,100,349,317,302,293,286,280,282,278,287,276,277,276,279,279,278,277,278,278,283,284,288,294,294,300,304,305,310,311,315,320,330,326,329,335,338,339,343,345,348,352,358,358,364,368,369,370,374,375,378,380,385,386,389,389,390,390,392,392,394,395,397,396,396,397
96,6,9904652,100,287,238,225,210,199,194,194,198,204,209,216,221,228,227,237,239,246,251,260,265,274,275,282,283,287,285,285,287,293,295,300,300,308,309,312,312,318,318,322,322,324,324,326,327,329,328,330,329,333,333,336,338,340,342,343,346,351,350,355,354,357,356,357,357
112,7,9125128,100,325,259,253,248,251,243,249,251,253,255,259,267,272,275,287,290,292,294,298,303,308,311,320,316,321,320,328,331,338,339,339,339,338,337,335,334,338,339,340,341,340,341,343,342,345,345,347,347,347,346,348,349,350,350,350,348,354,352,354,355,358,359,361,362
36,3,6703321,100,201,158,140,127,131,131,128,124,118,119,121,124,127,136,137,143,144,145,150,153,158,159,161,163,165,169,172,173,175,174,178,180,185,184,189,189,190,190,191,194,198,199,202,203,205,205,208,208,212,210,214,214,218,218,221,221,225,225,226,227,232,232,234,234
88,5,10743974,100,244,229,239,238,242,246,239,244,248,254,258,256,257,259,264,268,271,271,276,278,279,284,289,290,289,291,292,293,294,296,300,301,301,303,306,303,309,312,314,314,316,316,318,318,320,322,323,327,330,330,330,331,334,335,337,338,340,341,340,341,342,343,347,349
64,4,31803626,100,353,310,301,294,280,279,278,266,266,262,257,255,254,253,250,252,253,255,256,256,262,264,264,264,261,264,264,265,268,267,271,274,275,278,277,274,277,277,277,279,279,280,282,284,286,286,287,289,292,293,294,297,300,303,303,303,303,301,299,299,300,302,301,304
96,6,12791417,100,243,240,202,202,200,203,200,194,193,188,189,186,177,181,169,164,161,161,163,161,157,155,155,155,150,147,146,145,145,144,145,144,143,145,147,146,146,147,148,148,147,148,148,148,148,150,149,149,151,150,148,148,148,150,151,151,153,154,154,154,153,153,153,153
144,9,3574378,100,388,292,282,255,265,261,267,260,265,268,273,276,286,285,297,299,301,304,311,315,322,326,333,333,343,346,349,353,359,359,357,358,358,360,362,364,367,366,370,371,374,373,374,373,374,374,376,376,376,377,379,379,381,381,384,384,385,385,385,387,387,387,387,387
272,17,11629736,100,360,324,299,296,294,283,276,272,278,283,282,275,280,280,282,280,286,289,293,290,295,297,300,302,304,302,305,306,308,307,311,311,308,309,314,317,320,323,329,330,331,334,336,335,335,336,335,337,338,340,339,343,340,342,341,343,346,347,351,351,352,353,355,356
112,7,54045963,100,316,303,277,270,277,276,289,282,289,284,292,292,294,289,295,298,299,299,299,302,303,302,305,306,307,306,306,305,302,300,304,305,308,307,309,309,311,312,315,313,316,315,317,319,320,320,322,320,322,320,325,325,326,327,325,326,326,328,331,331,331,331,330,330
192,12,60600651,100,289,252,239,227,230,230,228,229,228,226,229,230,231,235,236,234,237,241,238,238,239,242,244,243,240,242,242,243,239,240,241,240,243,244,244,246,250,247,247,248,250,251,252,251,250,252,253,254,254,256,256,258,263,264,264,263,265,264,265,264,266,265,270,270
80,5,94560331,100,330,328,314,316,306,313,308,307,311,309,309,311,312,311,312,313,317,317,319,317,318,317,319,319,323,321,320,320,323,324,327,329,331,331,330,331,332,334,338,337,338,338,337,336,338,338,339,338,340,343,340,343,343,343,347,348,349,349,349,350,349,349,349,349
64,4,100828871,100,305,297,310,316,327,327,338,345,353,347,355,358,365,368,368,368,371,371,375,374,375,375,379,377,378,379,380,379,382,385,387,386,388,391,392,393,395,396,396,398,401,403,403,403,405,404,407,407,406,408,411,412,412,413,415,417,419,420,420,420,421,421,422,421
112,7,38549762,100,209,188,174,165,171,163,158,157,153,157,149,154,159,157,160,161,165,164,167,171,173,176,175,175,178,181,183,183,185,185,187,187,190,193,193,195,201,202,205,205,205,205,207,206,207,207,209,209,211,211,211,212,212,212,211,213,214,215,217,218,220,220,222,223
240,15,21691736,100,313,227,199,212,206,197,177,183,178,178,175,176,180,183,189,193,198,208,209,216,224,228,228,231,236,238,237,239,243,249,247,248,252,255,259,258,263,262,262,264,265,266,265,268,270,269,272,271,273,274,276,275,278,278,280,280,280,280,281,282,287,288,289,289
208,13,15772086,100,217,173,168,166,160,140,146,146,144,138,133,138,139,141,146,145,153,157,158,162,165,170,175,173,177,180,184,190,195,198,200,201,205,205,208,207,208,209,212,214,220,221,222,221,224,224,226,226,230,229,229,228,227,227,228,229,230,232,235,235,237,237,237,238
32,2,15571088,100,256,223,226,210,212,206,214,205,210,209,211,215,214,225,224,227,225,226,229,230,233,237,238,243,247,251,250,252,252,257,258,259,261,262,264,266,267,267,273,273,277,280,281,284,288,288,292,292,298,299,300,300,302,303,305,305,307,307,306,307,307,308,309,309
96,6,7253113,100,289,266,262,252,241,235,235,230,230,234,234,234,237,236,237,244,247,255,264,269,273,276,285,288,290,292,298,299,295,296,302,305,309,309,313,314,315,317,322,322,324,323,326,325,326,328,327,325,329,330,332,333,340,341,343,343,344,344,347,347,349,348,350,351
96,6,30409411,100,209,224,189,183,185,190,186,178,178,174,172,173,166,168,165,168,171,171,179,180,182,182,185,183,188,194,193,193,194,192,195,199,199,201,202,203,204,205,209,209,211,211,217,217,221,221,222,222,224,223,227,227,230,231,232,233,237,237,238,238,237,237,240,242
336,21,55494688,100,325,274,248,236,234,231,228,226,229,226,232,236,235,238,244,245,249,249,248,254,258,263,263,266,263,263,270,271,271,267,274,274,284,283,292,293,296,296,298,299,303,304,310,312,314,314,315,315,320,320,322,322,323,324,326,326,326,327,328,329,329,330,331,331
48,3,89258156,100,272,254,242,245,231,241,247,246,251,259,258,249,251,258,262,258,256,258,258,258,259,263,269,270,269,268,269,267,269,272,273,271,275,276,277,274,274,275,275,275,275,275,272,272,275,274,275,276,278,277,274,276,275,276,279,280,279,279,280,282,284,284,284,285
80,5,79388502,100,314,292,277,273,277,266,262,267,263,256,257,255,255,258,254,250,253,250,250,247,251,251,256,252,254,254,254,260,263,263,263,262,265,265,266,263,265,267,271,270,272,272,272,273,273,276,277,276,277,277,277,279,281,283,285,284,285,283,286,287,288,288,289,291
224,14,39747895,100,254,202,178,173,159,172,166,164,156,162,163,163,163,170,171,166,172,175,178,186,188,194,195,198,193,199,203,203,206,214,218,216,218,221,226,231,229,229,233,234,236,236,244,243,248,250,254,256,257,256,257,259,261,263,267,267,272,274,275,276,276,278,279,279
154,9,22830223,100,169,163,159,146,156,144,146,140,142,144,138,143,142,139,140,137,136,135,138,143,146,149,154,154,161,160,159,167,168,171,172,175,178,180,182,185,189,190,194,198,208,209,213,214,220,225,230,232,241,243,247,248,254,254,259,262,264,269,274,277,278,278,281,280
96,6,9790984,100,192,160,179,180,186,177,173,183,174,175,170,170,170,173,168,169,173,177,171,169,170,173,171,172,177,181,180,183,185,185,190,188,191,190,199,201,202,207,210,212,219,220,229,232,236,237,242,246,248,248,248,250,253,257,264,267,269,271,280,282,286,286,287,288
203,12,3933871,100,237,207,216,218,215,221,221,218,213,211,209,202,209,205,207,207,210,207,216,214,211,211,215,215,218,222,226,230,235,238,242,238,241,244,251,254,262,265,266,269,272,272,281,281,287,289,292,296,302,301,304,304,308,311,313,314,319,324,326,330,337,338,341,343
144,9,48783842,100,325,290,298,288,293,289,297,298,302,304,319,325,324,323,319,315,317,315,321,324,323,321,319,318,324,321,323,324,325,325,330,328,330,334,337,334,333,335,334,338,336,338,340,340,341,342,342,341,344,346,348,351,353,355,359,360,359,361,363,366,365,369,368,369
195,11,13449277,100,282,274,251,248,244,252,251,246,244,244,243,245,246,250,246,237,243,243,240,241,240,243,243,247,245,249,243,246,246,247,250,255,257,264,267,269,269,274,277,276,280,284,293,295,297,303,301,301,301,300,305,306,313,317,320,322,322,324,330,333,336,341,339,341
196,11,1662965,100,308,288,264,249,238,227,222,214,214,220,219,220,219,216,217,214,209,211,204,212,215,219,221,217,217,217,217,221,219,222,220,225,229,230,236,238,241,243,252,255,258,262,263,265,270,271,277,282,285,287,290,290,291,294,295,301,307,308,309,307,312,313,317,318
128,8,37108720,100,317,294,310,304,312,313,304,307,317,308,315,313,318,324,330,322,321,321,323,324,327,321,320,321,314,315,314,309,312,312,313,312,313,318,316,317,318,315,314,317,318,319,326,325,331,332,339,341,344,345,349,349,356,357,359,358,360,365,368,372,371,373,376,379
64,4,152196000,100,293,281,284,294,298,297,297,296,296,298,292,292,291,294,294,294,295,294,299,299,301,301,298,298,298,299,300,302,301,299,303,302,299,300,300,300,301,301,301,301,303,303,303,302,298,298,295,296,295,295,294,293,293,293,290,292,292,292,292,291,290,290,289,290
48,3,103534611,100,315,272,256,254,268,276,282,284,293,292,304,312,319,323,324,323,324,326,329,335,334,335,336,336,337,337,338,338,338,338,338,338,337,339,343,345,346,346,350,351,353,352,354,353,353,354,354,355,356,358,357,358,360,359,362,361,364,366,366,365,367,367,367,367
72,4,24882534,100,275,259,249,225,215,193,189,190,182,185,186,188,187,189,188,187,185,187,190,193,187,190,188,194,195,193,194,193,197,202,205,209,204,205,207,205,206,210,213,213,212,209,212,214,216,216,225,230,236,237,238,237,242,244,249,246,251,253,257,261,266,268,268,270
128,8,50459125,100,300,280,270,281,289,281,287,292,294,303,306,304,308,313,314,318,320,326,329,329,327,329,332,327,334,335,332,328,332,335,335,339,341,341,342,345,347,347,347,347,348,352,353,350,353,354,356,355,357,360,362,362,358,360,362,362,362,362,365,366,369,370,369,368
144,9,66705071,100,193,201,249,259,285,292,304,307,319,323,332,333,335,337,346,345,351,353,357,359,363,366,365,366,368,370,376,376,382,383,386,386,387,387,389,387,389,389,392,391,392,391,393,393,395,395,395,396,396,397,397,398,402,403,403,403,404,405,408,409,409,409,412,412
170,10,68332668,100,269,271,280,281,295,303,310,310,307,310,313,314,321,321,321,323,326,324,325,326,330,327,331,329,332,333,334,334,338,338,339,340,343,339,337,336,339,344,345,347,347,348,348,351,350,351,353,355,354,354,357,359,359,355,356,357,358,358,362,362,364,363,364,363
192,12,27527415,100,294,268,255,237,225,216,217,211,207,202,200,196,198,194,198,195,199,199,203,199,201,202,209,208,216,212,219,223,231,233,238,243,248,251,259,265,269,279,285,289,296,300,305,309,315,318,321,324,334,338,342,346,349,356,361,366,369,369,369,371,374,377,385,391
262,15,5396837,100,253,230,230,224,220,214,223,222,230,226,227,215,218,217,219,219,221,213,216,216,218,227,229,233,233,236,242,242,246,247,251,250,255,263,270,273,283,292,297,302,308,312,319,322,327,333,337,347,346,347,355,353,360,364,368,373,377,379,384,387,390,393,394,395
256,16,1518558,100,368,346,340,332,354,349,356,359,358,355,359,354,359,350,352,342,353,350,349,351,353,353,354,355,356,357,361,360,360,363,361,358,362,367,376,377,381,388,393,395,395,398,399,405,411,412,416,418,425,428,431,434,434,438,441,442,450,451,453,457,461,461,470,471
54,3,4426228,100,353,307,282,271,266,255,253,244,236,237,232,232,235,231,229,225,221,218,220,218,219,221,225,220,221,226,233,232,232,236,234,235,237,240,241,241,243,245,251,255,261,265,265,264,267,270,273,275,274,277,282,284,291,298,303,308,310,309,312,311,310,312,315,317
128,8,37553142,100,362,356,354,356,358,345,333,331,337,338,344,350,352,353,354,364,363,364,367,362,361,364,363,363,360,361,363,360,362,358,361,357,358,358,355,355,356,360,361,362,362,364,364,362,360,361,363,364,367,366,368,369,368,370,372,372,374,374,376,376,377,377,379,376
145,9,41896914,100,311,347,339,322,319,314,314,314,317,327,325,330,328,337,335,338,340,337,337,339,338,336,340,339,343,345,345,344,346,346,344,348,348,347,348,345,345,344,346,344,348,346,345,346,343,345,344,345,345,346,346,345,345,343,344,347,350,350,350,350,354,352,352,353
256,16,50932975,100,223,213,198,187,204,209,226,239,248,257,272,277,292,294,297,300,300,303,310,315,318,320,321,324,328,328,330,332,334,336,339,341,346,346,349,349,353,353,353,355,358,359,361,361,360,360,361,362,363,363,368,368,370,370,373,373,373,374,375,376,378,379,379,379
176,11,34685527,100,296,304,301,294,294,288,296,302,302,307,318,321,321,321,322,326,331,332,336,336,338,341,338,341,338,340,338,339,337,334,336,333,334,334,335,336,338,337,337,338,339,338,338,339,339,339,340,341,342,344,345,345,346,346,345,345,344,344,343,343,345,345,347,347
160,10,23055236,100,298,332,346,364,382,392,402,402,412,412,421,422,430,431,437,438,451,448,451,454,456,455,455,454,458,460,458,456,462,467,467,468,471,472,472,472,474,474,477,479,482,485,488,489,489,490,492,493,496,497,503,504,505,505,506,507,513,515,520,520,521,521,524,526
272,17,19792816,100,330,295,302,282,271,278,276,283,291,299,307,316,319,326,327,335,340,341,350,351,347,348,352,354,354,353,356,357,361,361,363,362,365,365,366,367,370,370,375,375,374,375,375,373,379,380,382,385,385,385,389,388,389,393,393,393,397,395,396,396,398,398,397,398
210,10,25070546,100,272,252,229,225,220,211,212,207,209,203,201,195,202,203,202,197,201,198,198,201,207,207,211,214,217,222,226,227,232,234,240,244,245,248,254,256,256,257,258,264,267,269,272,275,276,278,283,281,285,287,289,288,290,291,296,296,302,304,311,311,312,311,319,319
217,13,3360471,100,251,270,259,243,239,237,243,233,232,232,230,224,221,219,215,206,206,203,207,203,215,214,214,211,211,217,224,222,228,229,231,230,235,239,241,243,244,246,252,253,255,254,258,260,265,262,266,269,272,273,276,272,276,278,284,286,290,292,292,293,302,302,305,304
240,15,4989930,100,209,208,210,194,186,186,194,196,197,185,187,181,181,180,182,187,191,190,192,185,183,185,191,191,198,198,205,209,211,212,213,223,221,223,232,232,239,246,255,256,265,267,267,270,276,281,284,288,293,296,307,312,314,319,322,323,327,331,334,336,338,340,343,345
144,9,15379577,100,310,277,268,270,275,259,254,250,256,256,261,261,266,259,260,258,256,249,251,246,244,249,255,258,255,257,259,261,264,261,264,266,272,273,275,277,278,280,286,285,287,288,297,302,303,306,306,310,309,310,313,316,318,322,327,328,333,335,337,341,347,348,350,351
150,9,51513105,100,391,348,334,341,333,334,325,329,329,326,328,330,330,335,329,334,332,338,333,334,333,335,338,338,337,337,338,336,336,338,341,341,338,337,338,336,338,338,339,339,341,341,341,340,343,341,339,338,339,338,337,336,335,334,334,334,336,336,335,335,336,335,334,335
32,2,11318732,100,272,218,196,203,197,181,190,190,179,179,177,174,178,171,177,178,178,178,183,183,185,187,193,194,198,198,198,199,199,204,209,208,214,215,221,224,228,229,238,241,245,248,258,264,270,275,281,283,288,290,298,299,304,312,316,319,323,326,326,327,332,335,341,344
144,9,44966818,100,355,348,333,326,333,337,341,341,351,354,358,363,363,365,370,373,378,381,386,386,394,396,399,402,407,406,406,404,406,405,407,408,409,409,411,410,413,412,414,417,419,421,423,422,423,424,427,428,427,427,429,431,432,431,433,432,431,431,432,430,430,430,430,431
352,22,14537064,100,251,239,241,257,272,295,305,303,318,317,331,332,340,342,351,358,372,372,380,384,392,394,400,404,408,411,416,412,422,425,427,427,429,431,435,434,437,437,439,440,447,450,451,452,452,452,457,460,461,462,464,466,465,465,468,469,471,471,475,476,479,480,480,480
96,6,35109713,100,297,310,314,313,310,316,318,325,331,329,338,336,341,348,350,355,356,359,356,361,370,374,376,376,382,384,383,385,388,388,388,390,393,395,394,399,400,400,400,399,406,407,411,411,415,417,422,422,421,420,422,422,422,422,423,425,424,426,429,431,431,431,430,431
32,2,26454575,100,265,268,288,288,278,287,294,294,306,302,306,306,314,315,317,315,322,324,322,325,331,335,337,340,343,344,347,348,352,351,354,359,362,362,366,368,370,367,367,371,375,374,377,375,378,377,376,373,376,374,378,381,382,380,384,385,386,388,388,388,386,387,387,388
80,5,12464042,100,243,230,235,247,249,256,261,264,270,272,273,270,275,274,282,285,290,292,295,300,304,309,313,317,321,327,330,331,337,343,347,347,350,351,354,355,356,357,359,357,363,367,369,368,372,372,375,375,376,377,378,379,378,380,381,381,381,382,383,382,384,384,383,384
64,4,23693086,100,266,288,289,284,285,283,283,277,280,277,273,279,279,274,275,277,283,283,279,280,280,280,281,285,288,288,289,290,293,298,300,304,304,303,301,301,300,301,306,307,308,307,306,308,305,307,308,309,312,310,314,314,316,316,316,316,316,316,315,315,310,308,309,308
64,4,35126664,100,331,302,297,283,269,267,265,263,264,263,266,274,269,272,270,270,269,269,270,270,268,266,265,268,271,264,266,266,260,260,269,268,268,269,272,275,272,272,274,274,278,278,278,280,281,281,279,278,278,277,282,284,285,289,289,290,289,289,292,292,292,291,292,294
192,12,16368777,100,335,301,296,296,287,287,278,271,272,275,281,284,283,286,284,281,287,286,288,289,297,298,299,301,304,306,307,308,312,314,320,321,323,322,321,323,326,325,333,335,333,336,336,336,339,341,342,342,344,344,345,350,351,353,356,356,355,355,358,359,359,359,361,362
48,3,9634376,100,283,280,261,246,241,238,225,218,216,212,207,209,209,208,200,198,194,196,190,194,192,189,188,189,192,191,189,194,194,196,191,195,200,201,200,200,201,203,205,205,208,208,209,211,210,208,209,212,213,213,213,211,214,214,216,219,218,220,222,221,225,224,225,226
65,5,3900841,100,354,308,306,280,279,259,262,265,262,259,263,265,271,266,271,272,275,280,279,283,288,290,288,292,292,298,307,306,314,315,324,327,329,333,335,333,338,341,343,345,347,346,351,353,356,356,361,362,363,364,370,370,373,374,376,376,377,378,378,377,378,380,381,383
64,4,11989479,100,389,336,346,331,328,321,324,325,334,329,336,331,338,336,350,347,356,357,364,363,367,366,374,378,380,384,391,394,397,398,402,404,413,414,418,420,423,424,425,427,427,427,432,434,436,441,447,449,452,452,453,457,457,457,462,462,464,465,467,468,472,472,473,473
160,10,28358437,100,301,249,227,227,229,234,238,234,235,238,238,238,235,238,240,239,235,237,244,241,245,248,249,251,251,252,258,260,259,261,263,263,263,264,262,262,267,267,270,270,271,272,274,275,277,276,277,283,283,284,284,285,287,287,290,290,290,291,294,292,295,295,296,299
144,9,50373538,100,344,293,285,273,266,270,285,270,263,270,276,271,279,285,277,278,281,283,282,282,279,277,282,284,287,284,284,283,286,286,289,288,284,289,287,287,297,295,295,295,294,295,297,294,294,296,294,294,294,294,297,299,296,296,298,296,298,298,299,299,300,303,302,301
160,10,62560218,100,382,339,332,323,330,324,322,319,318,317,318,315,313,313,310,314,318,315,319,318,322,315,318,319,318,324,323,321,330,332,332,329,331,333,334,335,337,336,335,336,338,336,340,341,342,340,343,343,348,350,350,349,353,353,355,354,354,352,356,356,357,357,357,359
80,5,11755129,100,344,291,243,245,240,238,237,240,240,243,242,232,236,240,241,245,246,253,257,252,266,265,265,271,273,279,285,286,291,293,298,296,300,300,305,308,313,315,316,321,329,332,334,334,340,341,342,343,347,346,348,352,354,354,354,356,361,364,365,368,372,373,374,374
112,7,19687064,100,300,247,230,225,218,221,219,221,220,221,222,218,214,217,217,213,215,211,212,216,217,217,218,218,221,224,224,227,230,230,233,232,230,234,236,238,242,242,245,244,240,243,246,247,249,252,252,254,255,257,257,257,257,257,261,263,264,261,264,264,270,270,273,273
208,13,63160922,100,379,347,356,353,361,363,367,360,360,354,359,356,359,360,361,359,364,363,363,362,364,363,366,365,363,365,363,365,367,369,366,366,368,369,369,370,367,367,370,369,369,370,370,370,371,372,374,373,372,375,376,376,377,379,380,378,379,380,382,381,381,380,379,379
224,14,53504165,100,386,378,370,360,364,355,346,350,336,341,338,339,337,339,337,331,331,333,338,336,330,327,326,327,324,327,323,323,321,318,316,317,316,318,316,316,316,316,314,312,310,309,311,311,311,312,313,314,316,315,316,318,317,317,319,319,321,323,323,322,322,322,323,324
112,7,18156190,100,351,314,287,287,281,266,260,258,256,260,252,254,248,252,244,243,242,237,231,232,228,226,228,225,228,225,224,221,222,219,218,215,214,218,223,225,225,226,229,227,227,227,226,224,227,224,222,220,219,220,219,217,218,222,221,222,223,224,226,226,227,227,227,227
16,1,33473846,100,248,212,172,176,155,156,146,147,132,129,126,126,122,122,114,112,110,110,108,109,108,109,108,103,104,104,102,106,108,107,112,109,111,112,112,111,113,116,120,123,122,124,127,128,128,128,129,129,132,133,134,134,134,137,137,138,139,139,139,140,141,142,145,144
96,6,28461286,100,208,243,230,218,190,198,199,197,196,193,185,190,187,188,182,184,183,185,184,186,187,188,191,191,189,190,188,188,186,192,193,196,196,195,197,195,199,200,204,206,208,215,216,216,218,217,216,218,221,220,224,225,222,224,227,228,229,229,231,231,237,237,237,236
13451,833,2678379970,10000,25482,23733,23945,23689,24251,24338,25040,25198,25871,26051,26648,26836,27378,27601,28089,28264,28691,28881,29285,29458,29868,30000,30329,30486,30852,30994,31347,31463,31770,31888,32165,32270,32569,32684,32952,33037,33271,33359,33573,33644,33864,33950,34151,34216,34400,34463,34637,34693,34863,34911,35069,35119,35285,35346,35480,35531,35640,35683,35806,35841,35960,35989,36112,36151
14179,875,3898972759,10000,29389,27571,26976,26557,26664,26500,26661,26557,26754,26813,26981,27041,27232,27387,27475,27507,27737,27787,27938,28044,28225,28332,28516,28570,28728,28851,29010,29061,29284,29363,29558,29620,29772,29907,30082,30134,30370,30483,30710,30793,31008,31102,31315,31380,31577,31665,31842,31928,32103,32165,32344,32449,32628,32748,32928,33002,33183,33261,33449,33541,33718,33782,33922,33996
4671,288,10231649932,10000,33053,30479,30540,30629,31442,31665,32509,32709,33511,33714,34336,34500,35026,35190,35636,35772,36162,36261,36654,36732,37064,37110,37400,37471,37730,37803,38047,38124,38320,38372,38567,38612,38823,38867,39040,39066,39213,39269,39428,39467,39648,39691,39820,39849,39972,40030,40200,40257,40391,40443,40557,40594,40737,40776,40896,40942,41076,41104,41242,41302,41400,41450,41541,41576
3943,245,5212729104,10000,37494,34358,34428,34440,35300,35497,36524,37042,38097,38596,39637,40186,41055,41450,42250,42610,43294,43621,44255,44507,45011,45278,45788,45956,46403,46608,46996,47150,47529,47656,48046,48166,48472,48590,48895,48977,49259,49367,49645,49740,49985,50053,50269,50339,50566,50626,50779,50820,51004,51052,51210,51251,51402,51431,51604,51649,51798,51832,51957,51983,52116,52144,52273,52292
7040,436,1599107302,10000,46307,41697,40276,39614,39846,39881,40215,40329,40788,41082,41668,41990,42655,43043,43785,44089,44756,45148,45804,46151,46775,47114,47648,47958,48464,48731,49228,49433,49847,50071,50513,50710,51115,51302,51676,51830,52217,52394,52714,52834,53170,53297,53546,53644,53939,54053,54309,54416,54656,54741,54983,55058,55332,55370,55580,55640,55864,55936,56112,56168,56339,56398,56582,56628
10688,668,2773590036,10000,55148,48809,48666,48296,49318,49873,51026,51747,53097,53733,55028,55823,57104,57913,59055,59792,60854,61537,62511,63106,64051,64578,65380,65870,66608,67032,67716,68097,68761,69120,69688,69982,70528,70817,71324,71557,72043,72289,72694,72874,73297,73482,73859,74036,74393,74558,74890,75037,75376,75521,75826,75962,76248,76373,76651,76751,77008,77123,77359,77443,77709,77794,78028,78106
7751,479,2584607721,10000,56591,50715,49605,49062,49660,50056,51081,51691,52837,53514,54628,55393,56443,57165,58217,58911,59961,60604,61520,62182,63052,63679,64577,65166,65998,66534,67309,67836,68574,69138,69789,70277,70928,71329,71919,72368,72982,73386,73890,74226,74771,75114,75606,75881,76308,76629,77064,77325,77716,77980,78389,78625,79034,79232,79562,79793,80126,80316,80666,80852,81141,81308,81601,81771
9090,566,905146339,10000,59920,54081,52226,51285,51497,51494,51953,52382,53061,53668,54551,55161,56121,56789,57762,58338,59303,59892,60840,61460,62395,62977,63787,64459,65307,65937,66694,67244,67993,68584,69270,69763,70509,71032,71680,72123,72744,73232,73873,74269,74858,75273,75881,76248,76774,77146,77649,77962,78493,78842,79288,79576,80003,80313,80726,80972,81363,81629,82033,82270,82676,82917,83248,83451
10811,674,1075470073,10000,69386,61969,59106,58030,57509,57288,57298,57272,57619,57805,58438,58811,59491,60025,60741,61298,62107,62606,63422,64078,64868,65446,66231,66825,67516,68063,68836,69384,70097,70608,71284,71764,72389,72845,73476,73912,74515,74868,75406,75823,76327,76714,77177,77551,78017,78312,78796,79081,79579,79860,80290,80564,80946,81219,81588,81850,82235,82466,82786,83020,83380,83591,83899,84075
12807,800,2342358746,10000,75753,65704,63276,61684,61456,61035,61047,61008,61352,61662,62537,62935,63760,64366,65275,65979,66977,67857,68861,69660,70675,71489,72492,73235,74225,74956,75895,76606,77495,78132,79013,79701,80499,81070,81866,82383,83064,83649,84334,84819,85441,85894,86469,86874,87444,87870,88392,88731,89273,89622,90097,90388,90848,91193,91635,91915,92323,92616,93024,93290,93654,93896,94295,94529
10115,630,1637145867,10000,70313,62996,61336,60025,59801,59469,59783,59780,60259,60531,61179,61742,62530,63150,64079,64840,65830,66649,67679,68394,69463,70220,71119,71866,72741,73454,74287,75017,75853,76457,77268,77835,78667,79194,79885,80412,81071,81566,82228,82708,83335,83803,84367,84851,85425,85833,86438,86848,87376,87737,88279,88663,89174,89550,90005,90374,90841,91175,91594,91925,92399,92756,93196,93527
10961,683,654563620,10000,75980,67647,65066,63581,62968,62333,62041,61841,61883,61786,61962,62008,62254,62543,62940,63236,63822,64222,64839,65282,65956,66466,67162,67717,68383,68991,69690,70194,70948,71471,72131,72622,73304,73846,74467,75011,75683,76232,76853,77328,77912,78335,78920,79385,79985,80436,81010,81453,81977,82398,82965,83342,83843,84258,84714,85110,85573,85915,86440,86820,87268,87640,88077,88389
10887,681,753952914,10000,79102,70626,67872,66268,65667,65095,64876,64792,64792,64833,65082,65309,65676,65938,66434,66820,67425,67925,68538,68950,69594,70232,70840,71475,72175,72765,73523,74148,74842,75503,76237,76781,77463,78097,78799,79391,80081,80618,81317,81914,82576,83099,83748,84206,84792,85293,85889,86320,86951,87331,87934,88370,88902,89263,89805,90244,90701,91119,91566,91897,92365,92758,93194,93546
